sample	group
44_20250211-ATTAACAAGG-TGTTGTTCGT	44_20250211
44_20250211-NA-TGTTGTTCGT	44_20250211
44_20250218-NA-AACGCCAGAG	44_20250218
44_20250218-TCCTCGGACT-AACGCCAGAG	44_20250218
44_20250225-NA-TATACCATGG	44_20250225
44_20250225-TTAGGATATC-TATACCATGG	44_20250225
44_20250304-CTAGAGCGCA-GCTTCTAGCA	44_20250304
44_20250304-NA-GCTTCTAGCA	44_20250304
44_20250311-GAGGAGCTTC-GACGTATACA	44_20250311
44_20250311-NA-GACGTATACA	44_20250311
44_20250401-GAGAATGGTT-TCGGCAGCAA	44_20250401
44_20250401-NA-TCGGCAGCAA	44_20250401
44_20250429-AACACTGTTA-GCAAGTCTCA	44_20250429
44_20250429-NA-GCAAGTCTCA	44_20250429
44_COMO_20250715-CCATCTCGCC-TTCTATGGTT	44_COMO_20250715
44_COMO_20250715-NA-TTCTATGGTT	44_COMO_20250715
44_COMO_20250722b-CCTGTCTGTC-ACTGTTGTGA	44_COMO_20250722b
44_COMO_20250722b-NA-ACTGTTGTGA	44_COMO_20250722b
CARiverside_20241223-NA-CGGTTATTAG	CARiverside_20241223
CARiverside_20241223-TACGTGAAGG-CGGTTATTAG	CARiverside_20241223
CARiverside_20241229-AAGTGTTAGG-GCTAGTTCCG	CARiverside_20241229
CARiverside_20241229-NA-GCTAGTTCCG	CARiverside_20241229
CARiverside_20250113-CGATGCGGTT-CCTGCTTGGT	CARiverside_20250113
CARiverside_20250113-NA-CCTGCTTGGT	CARiverside_20250113
CARiverside_20250203-NA-TGAGACAGCG	CARiverside_20250203
CARiverside_20250203-TGGCCTCTGT-TGAGACAGCG	CARiverside_20250203
CARiverside_20250217-GCTAGACTAT-AATACGACAT	CARiverside_20250217
CARiverside_20250217-NA-AATACGACAT	CARiverside_20250217
CARiverside_20250224-CACTATCAAC-TCAGTTAATG	CARiverside_20250224
CARiverside_20250224-NA-TCAGTTAATG	CARiverside_20250224
CARiverside_20250306-AGCTAAGCGG-ATTAATACGC	CARiverside_20250306
CARiverside_20250306-NA-ATTAATACGC	CARiverside_20250306
CARiverside_20250317-GTGGTATCTG-GCTACTATCT	CARiverside_20250317
CARiverside_20250317-NA-GCTACTATCT	CARiverside_20250317
CARiverside_20250324-NA-GTCGATTACA	CARiverside_20250324
CARiverside_20250324-TGATTATACG-GTCGATTACA	CARiverside_20250324
CARiverside_20250331-AGTGTTGCAC-CTGGTACACG	CARiverside_20250331
CARiverside_20250331-NA-CTGGTACACG	CARiverside_20250331
CARiverside_20250414-CTGTTGGTCC-ATAGACCGTT	CARiverside_20250414
CARiverside_20250414-NA-ATAGACCGTT	CARiverside_20250414
CARiverside_20250417-CTAGTGCTCT-TGGAACAGTA	CARiverside_20250417
CARiverside_20250417-NA-TGGAACAGTA	CARiverside_20250417
CARiverside_20250421-NA-GAATGCACGA	CARiverside_20250421
CARiverside_20250421-TCCATTGCCG-GAATGCACGA	CARiverside_20250421
CARiverside_20250429-GTGACACGCA-GCTTACGGAC	CARiverside_20250429
CARiverside_20250429-NA-GCTTACGGAC	CARiverside_20250429
CARiverside_20250501-GGATTATGGA-TCCGATAGAG	CARiverside_20250501
CARiverside_20250501-NA-TCCGATAGAG	CARiverside_20250501
CARiverside_20250505-NA-GCGTTGGTAT	CARiverside_20250505
CARiverside_20250505-TCGTGCATTC-GCGTTGGTAT	CARiverside_20250505
CARiverside_20250519-CGACAAGGAT-AAGGCCACCT	CARiverside_20250519
CARiverside_20250519-NA-AAGGCCACCT	CARiverside_20250519
CARiverside_20250612-GGACCAGTGG-CGCGAGCCTA	CARiverside_20250612
CARiverside_20250612-NA-CGCGAGCCTA	CARiverside_20250612
CARiverside_20250623-GCAGCCTCAA-TAAGTGCTAG	CARiverside_20250623
CARiverside_20250623-NA-TAAGTGCTAG	CARiverside_20250623
CARiverside_20250630-NA-GACATTGTCA	CARiverside_20250630
CARiverside_20250630-TTCATGGTTC-GACATTGTCA	CARiverside_20250630
CARiverside_20250707-CACTAGACCA-ACTGCCTTAT	CARiverside_20250707
CARiverside_20250707-NA-ACTGCCTTAT	CARiverside_20250707
CARiverside_20250714-NA-CTGCACTTCA	CARiverside_20250714
CARiverside_20250714-TCCAGAGATC-CTGCACTTCA	CARiverside_20250714
CARiverside_20250717-CAGCCGCGTA-ACTAGCCGTG	CARiverside_20250717
CARiverside_20250717-NA-ACTAGCCGTG	CARiverside_20250717
