sample,fastq
44_20250211-ATTAACAAGG-TGTTGTTCGT,s3://nao-mgs-jefftk/2026-02-26--ultima-experiment/44_20250211-ATTAACAAGG-TGTTGTTCGT.fastq.gz
44_20250211-NA-TGTTGTTCGT,s3://nao-mgs-jefftk/2026-02-26--ultima-experiment/44_20250211-NA-TGTTGTTCGT.fastq.gz
44_20250218-NA-AACGCCAGAG,s3://nao-mgs-jefftk/2026-02-26--ultima-experiment/44_20250218-NA-AACGCCAGAG.fastq.gz
44_20250218-TCCTCGGACT-AACGCCAGAG,s3://nao-mgs-jefftk/2026-02-26--ultima-experiment/44_20250218-TCCTCGGACT-AACGCCAGAG.fastq.gz
44_20250225-NA-TATACCATGG,s3://nao-mgs-jefftk/2026-02-26--ultima-experiment/44_20250225-NA-TATACCATGG.fastq.gz
44_20250225-TTAGGATATC-TATACCATGG,s3://nao-mgs-jefftk/2026-02-26--ultima-experiment/44_20250225-TTAGGATATC-TATACCATGG.fastq.gz
44_20250304-CTAGAGCGCA-GCTTCTAGCA,s3://nao-mgs-jefftk/2026-02-26--ultima-experiment/44_20250304-CTAGAGCGCA-GCTTCTAGCA.fastq.gz
44_20250304-NA-GCTTCTAGCA,s3://nao-mgs-jefftk/2026-02-26--ultima-experiment/44_20250304-NA-GCTTCTAGCA.fastq.gz
44_20250311-GAGGAGCTTC-GACGTATACA,s3://nao-mgs-jefftk/2026-02-26--ultima-experiment/44_20250311-GAGGAGCTTC-GACGTATACA.fastq.gz
44_20250311-NA-GACGTATACA,s3://nao-mgs-jefftk/2026-02-26--ultima-experiment/44_20250311-NA-GACGTATACA.fastq.gz
44_20250401-GAGAATGGTT-TCGGCAGCAA,s3://nao-mgs-jefftk/2026-02-26--ultima-experiment/44_20250401-GAGAATGGTT-TCGGCAGCAA.fastq.gz
44_20250401-NA-TCGGCAGCAA,s3://nao-mgs-jefftk/2026-02-26--ultima-experiment/44_20250401-NA-TCGGCAGCAA.fastq.gz
44_20250429-AACACTGTTA-GCAAGTCTCA,s3://nao-mgs-jefftk/2026-02-26--ultima-experiment/44_20250429-AACACTGTTA-GCAAGTCTCA.fastq.gz
44_20250429-NA-GCAAGTCTCA,s3://nao-mgs-jefftk/2026-02-26--ultima-experiment/44_20250429-NA-GCAAGTCTCA.fastq.gz
44_COMO_20250715-CCATCTCGCC-TTCTATGGTT,s3://nao-mgs-jefftk/2026-02-26--ultima-experiment/44_COMO_20250715-CCATCTCGCC-TTCTATGGTT.fastq.gz
44_COMO_20250715-NA-TTCTATGGTT,s3://nao-mgs-jefftk/2026-02-26--ultima-experiment/44_COMO_20250715-NA-TTCTATGGTT.fastq.gz
44_COMO_20250722b-CCTGTCTGTC-ACTGTTGTGA,s3://nao-mgs-jefftk/2026-02-26--ultima-experiment/44_COMO_20250722b-CCTGTCTGTC-ACTGTTGTGA.fastq.gz
44_COMO_20250722b-NA-ACTGTTGTGA,s3://nao-mgs-jefftk/2026-02-26--ultima-experiment/44_COMO_20250722b-NA-ACTGTTGTGA.fastq.gz
CARiverside_20241223-NA-CGGTTATTAG,s3://nao-mgs-jefftk/2026-02-26--ultima-experiment/CARiverside_20241223-NA-CGGTTATTAG.fastq.gz
CARiverside_20241223-TACGTGAAGG-CGGTTATTAG,s3://nao-mgs-jefftk/2026-02-26--ultima-experiment/CARiverside_20241223-TACGTGAAGG-CGGTTATTAG.fastq.gz
CARiverside_20241229-AAGTGTTAGG-GCTAGTTCCG,s3://nao-mgs-jefftk/2026-02-26--ultima-experiment/CARiverside_20241229-AAGTGTTAGG-GCTAGTTCCG.fastq.gz
CARiverside_20241229-NA-GCTAGTTCCG,s3://nao-mgs-jefftk/2026-02-26--ultima-experiment/CARiverside_20241229-NA-GCTAGTTCCG.fastq.gz
CARiverside_20250113-CGATGCGGTT-CCTGCTTGGT,s3://nao-mgs-jefftk/2026-02-26--ultima-experiment/CARiverside_20250113-CGATGCGGTT-CCTGCTTGGT.fastq.gz
CARiverside_20250113-NA-CCTGCTTGGT,s3://nao-mgs-jefftk/2026-02-26--ultima-experiment/CARiverside_20250113-NA-CCTGCTTGGT.fastq.gz
CARiverside_20250203-NA-TGAGACAGCG,s3://nao-mgs-jefftk/2026-02-26--ultima-experiment/CARiverside_20250203-NA-TGAGACAGCG.fastq.gz
CARiverside_20250203-TGGCCTCTGT-TGAGACAGCG,s3://nao-mgs-jefftk/2026-02-26--ultima-experiment/CARiverside_20250203-TGGCCTCTGT-TGAGACAGCG.fastq.gz
CARiverside_20250217-GCTAGACTAT-AATACGACAT,s3://nao-mgs-jefftk/2026-02-26--ultima-experiment/CARiverside_20250217-GCTAGACTAT-AATACGACAT.fastq.gz
CARiverside_20250217-NA-AATACGACAT,s3://nao-mgs-jefftk/2026-02-26--ultima-experiment/CARiverside_20250217-NA-AATACGACAT.fastq.gz
CARiverside_20250224-CACTATCAAC-TCAGTTAATG,s3://nao-mgs-jefftk/2026-02-26--ultima-experiment/CARiverside_20250224-CACTATCAAC-TCAGTTAATG.fastq.gz
CARiverside_20250224-NA-TCAGTTAATG,s3://nao-mgs-jefftk/2026-02-26--ultima-experiment/CARiverside_20250224-NA-TCAGTTAATG.fastq.gz
CARiverside_20250306-AGCTAAGCGG-ATTAATACGC,s3://nao-mgs-jefftk/2026-02-26--ultima-experiment/CARiverside_20250306-AGCTAAGCGG-ATTAATACGC.fastq.gz
CARiverside_20250306-NA-ATTAATACGC,s3://nao-mgs-jefftk/2026-02-26--ultima-experiment/CARiverside_20250306-NA-ATTAATACGC.fastq.gz
CARiverside_20250317-GTGGTATCTG-GCTACTATCT,s3://nao-mgs-jefftk/2026-02-26--ultima-experiment/CARiverside_20250317-GTGGTATCTG-GCTACTATCT.fastq.gz
CARiverside_20250317-NA-GCTACTATCT,s3://nao-mgs-jefftk/2026-02-26--ultima-experiment/CARiverside_20250317-NA-GCTACTATCT.fastq.gz
CARiverside_20250324-NA-GTCGATTACA,s3://nao-mgs-jefftk/2026-02-26--ultima-experiment/CARiverside_20250324-NA-GTCGATTACA.fastq.gz
CARiverside_20250324-TGATTATACG-GTCGATTACA,s3://nao-mgs-jefftk/2026-02-26--ultima-experiment/CARiverside_20250324-TGATTATACG-GTCGATTACA.fastq.gz
CARiverside_20250331-AGTGTTGCAC-CTGGTACACG,s3://nao-mgs-jefftk/2026-02-26--ultima-experiment/CARiverside_20250331-AGTGTTGCAC-CTGGTACACG.fastq.gz
CARiverside_20250331-NA-CTGGTACACG,s3://nao-mgs-jefftk/2026-02-26--ultima-experiment/CARiverside_20250331-NA-CTGGTACACG.fastq.gz
CARiverside_20250414-CTGTTGGTCC-ATAGACCGTT,s3://nao-mgs-jefftk/2026-02-26--ultima-experiment/CARiverside_20250414-CTGTTGGTCC-ATAGACCGTT.fastq.gz
CARiverside_20250414-NA-ATAGACCGTT,s3://nao-mgs-jefftk/2026-02-26--ultima-experiment/CARiverside_20250414-NA-ATAGACCGTT.fastq.gz
CARiverside_20250417-CTAGTGCTCT-TGGAACAGTA,s3://nao-mgs-jefftk/2026-02-26--ultima-experiment/CARiverside_20250417-CTAGTGCTCT-TGGAACAGTA.fastq.gz
CARiverside_20250417-NA-TGGAACAGTA,s3://nao-mgs-jefftk/2026-02-26--ultima-experiment/CARiverside_20250417-NA-TGGAACAGTA.fastq.gz
CARiverside_20250421-NA-GAATGCACGA,s3://nao-mgs-jefftk/2026-02-26--ultima-experiment/CARiverside_20250421-NA-GAATGCACGA.fastq.gz
CARiverside_20250421-TCCATTGCCG-GAATGCACGA,s3://nao-mgs-jefftk/2026-02-26--ultima-experiment/CARiverside_20250421-TCCATTGCCG-GAATGCACGA.fastq.gz
CARiverside_20250429-GTGACACGCA-GCTTACGGAC,s3://nao-mgs-jefftk/2026-02-26--ultima-experiment/CARiverside_20250429-GTGACACGCA-GCTTACGGAC.fastq.gz
CARiverside_20250429-NA-GCTTACGGAC,s3://nao-mgs-jefftk/2026-02-26--ultima-experiment/CARiverside_20250429-NA-GCTTACGGAC.fastq.gz
CARiverside_20250501-GGATTATGGA-TCCGATAGAG,s3://nao-mgs-jefftk/2026-02-26--ultima-experiment/CARiverside_20250501-GGATTATGGA-TCCGATAGAG.fastq.gz
CARiverside_20250501-NA-TCCGATAGAG,s3://nao-mgs-jefftk/2026-02-26--ultima-experiment/CARiverside_20250501-NA-TCCGATAGAG.fastq.gz
CARiverside_20250505-NA-GCGTTGGTAT,s3://nao-mgs-jefftk/2026-02-26--ultima-experiment/CARiverside_20250505-NA-GCGTTGGTAT.fastq.gz
CARiverside_20250505-TCGTGCATTC-GCGTTGGTAT,s3://nao-mgs-jefftk/2026-02-26--ultima-experiment/CARiverside_20250505-TCGTGCATTC-GCGTTGGTAT.fastq.gz
CARiverside_20250519-CGACAAGGAT-AAGGCCACCT,s3://nao-mgs-jefftk/2026-02-26--ultima-experiment/CARiverside_20250519-CGACAAGGAT-AAGGCCACCT.fastq.gz
CARiverside_20250519-NA-AAGGCCACCT,s3://nao-mgs-jefftk/2026-02-26--ultima-experiment/CARiverside_20250519-NA-AAGGCCACCT.fastq.gz
CARiverside_20250612-GGACCAGTGG-CGCGAGCCTA,s3://nao-mgs-jefftk/2026-02-26--ultima-experiment/CARiverside_20250612-GGACCAGTGG-CGCGAGCCTA.fastq.gz
CARiverside_20250612-NA-CGCGAGCCTA,s3://nao-mgs-jefftk/2026-02-26--ultima-experiment/CARiverside_20250612-NA-CGCGAGCCTA.fastq.gz
CARiverside_20250623-GCAGCCTCAA-TAAGTGCTAG,s3://nao-mgs-jefftk/2026-02-26--ultima-experiment/CARiverside_20250623-GCAGCCTCAA-TAAGTGCTAG.fastq.gz
CARiverside_20250623-NA-TAAGTGCTAG,s3://nao-mgs-jefftk/2026-02-26--ultima-experiment/CARiverside_20250623-NA-TAAGTGCTAG.fastq.gz
CARiverside_20250630-NA-GACATTGTCA,s3://nao-mgs-jefftk/2026-02-26--ultima-experiment/CARiverside_20250630-NA-GACATTGTCA.fastq.gz
CARiverside_20250630-TTCATGGTTC-GACATTGTCA,s3://nao-mgs-jefftk/2026-02-26--ultima-experiment/CARiverside_20250630-TTCATGGTTC-GACATTGTCA.fastq.gz
CARiverside_20250707-CACTAGACCA-ACTGCCTTAT,s3://nao-mgs-jefftk/2026-02-26--ultima-experiment/CARiverside_20250707-CACTAGACCA-ACTGCCTTAT.fastq.gz
CARiverside_20250707-NA-ACTGCCTTAT,s3://nao-mgs-jefftk/2026-02-26--ultima-experiment/CARiverside_20250707-NA-ACTGCCTTAT.fastq.gz
CARiverside_20250714-NA-CTGCACTTCA,s3://nao-mgs-jefftk/2026-02-26--ultima-experiment/CARiverside_20250714-NA-CTGCACTTCA.fastq.gz
CARiverside_20250714-TCCAGAGATC-CTGCACTTCA,s3://nao-mgs-jefftk/2026-02-26--ultima-experiment/CARiverside_20250714-TCCAGAGATC-CTGCACTTCA.fastq.gz
CARiverside_20250717-CAGCCGCGTA-ACTAGCCGTG,s3://nao-mgs-jefftk/2026-02-26--ultima-experiment/CARiverside_20250717-CAGCCGCGTA-ACTAGCCGTG.fastq.gz
CARiverside_20250717-NA-ACTAGCCGTG,s3://nao-mgs-jefftk/2026-02-26--ultima-experiment/CARiverside_20250717-NA-ACTAGCCGTG.fastq.gz
